               epoch,      train/box_loss,      train/obj_loss,      train/cls_loss,   metrics/precision,      metrics/recall,     metrics/mAP_0.5,metrics/mAP_0.5:0.95,        val/box_loss,        val/obj_loss,        val/cls_loss,               x/lr0,               x/lr1,               x/lr2
                   0,            0.027146,            0.014027,                   0,             0.87149,             0.88199,             0.89588,             0.66199,            0.021093,           0.0052302,                   0,            0.070102,            0.003322,            0.003322
                   1,            0.027657,            0.014077,                   0,             0.87038,             0.86421,             0.89107,             0.64433,            0.021544,           0.0051853,                   0,             0.04008,           0.0066333,           0.0066333
                   2,            0.030644,              0.0147,                   0,             0.83508,              0.8686,             0.86229,             0.57712,            0.025231,           0.0057714,                   0,            0.010036,           0.0099227,           0.0099227
                   3,            0.034179,            0.016528,                   0,              0.8038,             0.82544,             0.80647,             0.52351,            0.024773,           0.0062542,                   0,            0.009901,            0.009901,            0.009901
                   4,            0.033476,            0.016287,                   0,             0.77956,             0.77493,             0.79297,             0.51302,            0.026398,           0.0063573,                   0,            0.009901,            0.009901,            0.009901
                   5,            0.033984,            0.016695,                   0,             0.80775,             0.81065,             0.82752,             0.53909,            0.024595,           0.0061099,                   0,            0.009868,            0.009868,            0.009868
                   6,            0.033044,            0.016132,                   0,             0.78098,              0.7655,             0.79606,             0.53576,            0.024152,           0.0061685,                   0,            0.009835,            0.009835,            0.009835
                   7,            0.032493,            0.015632,                   0,             0.83973,             0.82412,             0.85094,             0.57188,            0.024101,           0.0059542,                   0,            0.009802,            0.009802,            0.009802
                   8,            0.031718,            0.015745,                   0,             0.83055,             0.81909,             0.83076,             0.57482,            0.024353,           0.0058174,                   0,            0.009769,            0.009769,            0.009769
                   9,            0.032363,            0.015731,                   0,             0.83775,              0.8403,             0.86508,             0.59074,             0.02404,           0.0056775,                   0,            0.009736,            0.009736,            0.009736
                  10,             0.03206,            0.015688,                   0,             0.85187,             0.82008,             0.85719,             0.57502,            0.024167,           0.0058341,                   0,            0.009703,            0.009703,            0.009703
                  11,            0.032149,            0.015466,                   0,             0.84622,             0.85286,             0.87145,             0.61336,             0.02288,           0.0058199,                   0,             0.00967,             0.00967,             0.00967
                  12,            0.030766,            0.015188,                   0,             0.86453,             0.86658,             0.87955,              0.6131,             0.02267,           0.0055304,                   0,            0.009637,            0.009637,            0.009637
                  13,            0.031286,            0.015094,                   0,             0.81959,             0.83423,             0.84344,             0.56954,            0.022622,           0.0058555,                   0,            0.009604,            0.009604,            0.009604
                  14,            0.030753,             0.01464,                   0,             0.84296,             0.84276,             0.86098,             0.58955,            0.024153,           0.0058774,                   0,            0.009571,            0.009571,            0.009571
                  15,            0.030643,             0.01549,                   0,             0.85003,             0.83644,             0.85599,               0.607,            0.022616,           0.0056414,                   0,            0.009538,            0.009538,            0.009538
                  16,            0.030069,            0.015267,                   0,              0.8473,             0.85622,             0.86634,             0.60784,            0.022814,           0.0055406,                   0,            0.009505,            0.009505,            0.009505
                  17,            0.030213,            0.014783,                   0,             0.84354,             0.85376,              0.8709,              0.6141,            0.022922,           0.0057526,                   0,            0.009472,            0.009472,            0.009472
                  18,            0.030094,            0.015252,                   0,             0.86123,              0.8504,             0.85668,             0.61727,            0.022337,           0.0054261,                   0,            0.009439,            0.009439,            0.009439
                  19,            0.030283,            0.015059,                   0,             0.84746,             0.86321,             0.87675,             0.62756,            0.022849,           0.0054636,                   0,            0.009406,            0.009406,            0.009406
                  20,            0.029552,            0.014734,                   0,             0.84091,             0.82817,             0.84692,              0.5903,            0.023046,           0.0057787,                   0,            0.009373,            0.009373,            0.009373
                  21,            0.030009,            0.014697,                   0,             0.85731,              0.8583,             0.87742,             0.62023,            0.022606,           0.0056047,                   0,             0.00934,             0.00934,             0.00934
                  22,             0.02928,            0.014399,                   0,             0.86557,             0.86051,             0.87952,             0.62708,            0.022336,           0.0053312,                   0,            0.009307,            0.009307,            0.009307
                  23,            0.028435,            0.014335,                   0,             0.86097,             0.88275,             0.88977,             0.62879,             0.02251,           0.0052464,                   0,            0.009274,            0.009274,            0.009274
                  24,             0.02936,            0.014298,                   0,             0.85339,             0.86684,               0.862,             0.61343,              0.0225,           0.0053819,                   0,            0.009241,            0.009241,            0.009241
                  25,            0.029636,            0.014478,                   0,             0.84252,             0.87129,             0.88287,             0.62415,            0.022871,           0.0054093,                   0,            0.009208,            0.009208,            0.009208
                  26,            0.028668,            0.014199,                   0,             0.85384,              0.8841,             0.87883,             0.62249,            0.022943,           0.0054574,                   0,            0.009175,            0.009175,            0.009175
                  27,            0.029433,            0.014589,                   0,             0.85587,             0.88747,             0.87344,             0.63265,            0.022051,           0.0052393,                   0,            0.009142,            0.009142,            0.009142
                  28,            0.028782,            0.014595,                   0,             0.84414,             0.86496,             0.87361,             0.62986,              0.0221,           0.0055289,                   0,            0.009109,            0.009109,            0.009109
                  29,            0.028869,            0.014127,                   0,              0.8461,             0.87798,             0.88692,             0.63154,            0.022613,           0.0052984,                   0,            0.009076,            0.009076,            0.009076
                  30,            0.028741,            0.014068,                   0,             0.86554,             0.86119,             0.88267,             0.63377,            0.021845,           0.0054282,                   0,            0.009043,            0.009043,            0.009043
                  31,            0.028359,            0.014388,                   0,             0.87439,             0.87871,             0.87848,             0.63913,            0.022099,           0.0052286,                   0,             0.00901,             0.00901,             0.00901
                  32,            0.028631,            0.014413,                   0,             0.85874,             0.87258,             0.89472,             0.64141,            0.022181,           0.0054345,                   0,            0.008977,            0.008977,            0.008977
                  33,            0.028048,            0.014137,                   0,             0.86995,             0.85647,              0.8721,             0.61628,            0.023462,           0.0056081,                   0,            0.008944,            0.008944,            0.008944
                  34,            0.028536,            0.014448,                   0,             0.87148,             0.86995,             0.88738,             0.63887,            0.021695,           0.0053146,                   0,            0.008911,            0.008911,            0.008911
                  35,            0.028173,             0.01408,                   0,             0.86959,             0.86725,             0.89415,             0.63711,            0.022708,           0.0052464,                   0,            0.008878,            0.008878,            0.008878
                  36,            0.027732,            0.014189,                   0,             0.87132,             0.87607,             0.89195,             0.64876,            0.021367,           0.0054038,                   0,            0.008845,            0.008845,            0.008845
                  37,            0.028054,            0.013948,                   0,              0.8711,             0.85849,             0.88011,             0.63059,            0.022196,           0.0054068,                   0,            0.008812,            0.008812,            0.008812
                  38,            0.028023,            0.014342,                   0,             0.86943,             0.87051,             0.88417,             0.63918,            0.022169,           0.0052635,                   0,            0.008779,            0.008779,            0.008779
                  39,            0.027763,             0.01375,                   0,             0.85364,             0.85678,             0.86456,             0.62485,            0.022499,           0.0056081,                   0,            0.008746,            0.008746,            0.008746
                  40,            0.027292,            0.013897,                   0,             0.88034,             0.87871,             0.89753,             0.65008,            0.021572,           0.0052958,                   0,            0.008713,            0.008713,            0.008713
                  41,            0.027186,            0.014027,                   0,             0.85542,             0.87312,             0.88938,             0.64325,            0.021417,            0.005322,                   0,             0.00868,             0.00868,             0.00868
                  42,             0.02679,            0.013205,                   0,              0.8678,              0.8558,             0.89633,              0.6485,              0.0217,           0.0053282,                   0,            0.008647,            0.008647,            0.008647
                  43,             0.02799,            0.013825,                   0,             0.86496,             0.86755,             0.88894,             0.64458,            0.021448,           0.0052432,                   0,            0.008614,            0.008614,            0.008614
                  44,            0.027245,            0.013822,                   0,             0.86486,             0.89271,             0.88761,               0.647,            0.021498,           0.0051854,                   0,            0.008581,            0.008581,            0.008581
                  45,            0.026921,            0.013576,                   0,             0.84847,             0.88814,             0.88504,             0.63497,            0.022146,           0.0053575,                   0,            0.008548,            0.008548,            0.008548
                  46,             0.02682,            0.013577,                   0,             0.85758,             0.87129,             0.88996,             0.64793,            0.020929,           0.0052285,                   0,            0.008515,            0.008515,            0.008515
                  47,            0.027005,            0.013608,                   0,             0.85915,             0.87547,             0.88777,             0.64782,            0.020922,           0.0053514,                   0,            0.008482,            0.008482,            0.008482
                  48,            0.027126,            0.014022,                   0,             0.86381,             0.88747,             0.89671,             0.64503,            0.022051,           0.0051974,                   0,            0.008449,            0.008449,            0.008449
                  49,            0.026836,            0.013578,                   0,             0.87262,              0.8814,             0.88831,             0.64889,            0.021355,           0.0052858,                   0,            0.008416,            0.008416,            0.008416
                  50,            0.026832,            0.013611,                   0,             0.86647,             0.86577,             0.88505,             0.64343,            0.021596,           0.0053821,                   0,            0.008383,            0.008383,            0.008383
                  51,            0.026341,            0.013569,                   0,             0.87089,             0.87723,             0.89236,             0.65173,            0.021447,           0.0052496,                   0,             0.00835,             0.00835,             0.00835
                  52,            0.027265,            0.013427,                   0,             0.86201,             0.88342,             0.88894,             0.65467,            0.021121,           0.0051878,                   0,            0.008317,            0.008317,            0.008317
                  53,            0.026169,            0.013383,                   0,             0.85148,              0.8841,             0.89209,             0.65233,            0.021987,           0.0052944,                   0,            0.008284,            0.008284,            0.008284
                  54,            0.026749,             0.01348,                   0,             0.84814,             0.88065,             0.87982,             0.63882,            0.021637,            0.005301,                   0,            0.008251,            0.008251,            0.008251
                  55,            0.026506,            0.013457,                   0,             0.87054,             0.88342,             0.88671,             0.64976,            0.021441,           0.0052581,                   0,            0.008218,            0.008218,            0.008218
                  56,            0.026286,            0.013084,                   0,             0.87028,             0.86792,             0.89051,             0.64603,            0.021898,           0.0052255,                   0,            0.008185,            0.008185,            0.008185
                  57,            0.026592,            0.013481,                   0,             0.85285,             0.88342,             0.87885,             0.64937,            0.021021,           0.0052875,                   0,            0.008152,            0.008152,            0.008152
                  58,             0.02638,            0.013177,                   0,             0.85617,             0.88881,             0.88799,             0.65402,            0.021519,           0.0053133,                   0,            0.008119,            0.008119,            0.008119
                  59,            0.026283,            0.013257,                   0,             0.86373,             0.88814,             0.89436,              0.6593,            0.021285,           0.0051775,                   0,            0.008086,            0.008086,            0.008086
                  60,            0.025765,            0.012975,                   0,             0.85439,             0.87385,             0.88528,             0.65375,            0.021527,           0.0053231,                   0,            0.008053,            0.008053,            0.008053
                  61,            0.026304,            0.013268,                   0,             0.86877,             0.88778,             0.89434,             0.65965,            0.021915,           0.0052804,                   0,             0.00802,             0.00802,             0.00802
                  62,            0.025648,            0.013341,                   0,              0.8795,             0.88529,             0.89718,             0.66124,            0.021083,           0.0051688,                   0,            0.007987,            0.007987,            0.007987
                  63,            0.025382,            0.013274,                   0,              0.8761,             0.86725,             0.89779,             0.65536,            0.021025,           0.0052375,                   0,            0.007954,            0.007954,            0.007954
                  64,            0.026055,            0.013245,                   0,             0.87969,             0.87197,               0.891,             0.65307,            0.020848,           0.0052235,                   0,            0.007921,            0.007921,            0.007921
                  65,            0.025781,            0.012914,                   0,             0.86941,              0.8841,             0.88889,             0.65244,            0.021479,           0.0052578,                   0,            0.007888,            0.007888,            0.007888
                  66,            0.026095,            0.013057,                   0,             0.88697,             0.87781,             0.89731,             0.66225,            0.020861,           0.0051019,                   0,            0.007855,            0.007855,            0.007855
                  67,            0.026095,            0.012898,                   0,             0.87757,             0.86523,             0.89237,             0.65639,            0.020738,           0.0052118,                   0,            0.007822,            0.007822,            0.007822
                  68,            0.024994,            0.012901,                   0,             0.86789,              0.8814,              0.8928,              0.6661,            0.021124,           0.0052272,                   0,            0.007789,            0.007789,            0.007789
                  69,            0.025301,              0.0132,                   0,             0.87901,             0.86456,             0.88606,             0.65453,            0.021438,           0.0053351,                   0,            0.007756,            0.007756,            0.007756
                  70,             0.02458,             0.01291,                   0,             0.86061,              0.8942,             0.90057,             0.66538,            0.021073,           0.0052214,                   0,            0.007723,            0.007723,            0.007723
                  71,            0.025415,             0.01269,                   0,             0.85309,             0.89555,             0.89626,             0.66301,            0.021071,           0.0052192,                   0,             0.00769,             0.00769,             0.00769
                  72,            0.025252,            0.013086,                   0,             0.86352,             0.90389,             0.89695,             0.66449,            0.020975,            0.005107,                   0,            0.007657,            0.007657,            0.007657
                  73,             0.02535,            0.012988,                   0,             0.86681,             0.89286,             0.89865,             0.66639,            0.021216,           0.0050755,                   0,            0.007624,            0.007624,            0.007624
                  74,            0.024905,            0.012807,                   0,             0.87391,             0.87534,             0.90179,             0.66062,            0.021731,           0.0052119,                   0,            0.007591,            0.007591,            0.007591
                  75,            0.025743,            0.013151,                   0,             0.87525,              0.8841,             0.89524,             0.66125,            0.021571,           0.0051723,                   0,            0.007558,            0.007558,            0.007558
                  76,            0.025329,            0.012908,                   0,             0.87756,             0.88342,             0.89363,              0.6619,            0.021255,           0.0051585,                   0,            0.007525,            0.007525,            0.007525
                  77,            0.024996,            0.013107,                   0,             0.87023,             0.89286,             0.89732,             0.65911,            0.021614,           0.0051586,                   0,            0.007492,            0.007492,            0.007492
                  78,            0.024648,             0.01239,                   0,             0.86179,             0.90027,             0.90111,             0.67307,            0.021293,           0.0051889,                   0,            0.007459,            0.007459,            0.007459
                  79,            0.025218,            0.013016,                   0,             0.87147,             0.89552,             0.89723,             0.66409,            0.021442,           0.0052275,                   0,            0.007426,            0.007426,            0.007426
                  80,            0.024465,            0.012401,                   0,             0.86698,              0.8969,             0.89105,             0.64992,            0.021761,           0.0053176,                   0,            0.007393,            0.007393,            0.007393
                  81,            0.025006,            0.012696,                   0,             0.87853,             0.88477,             0.89201,             0.66183,            0.021326,           0.0051597,                   0,             0.00736,             0.00736,             0.00736
                  82,            0.024408,            0.012562,                   0,             0.87174,             0.89312,             0.89699,             0.66647,            0.021379,           0.0051801,                   0,            0.007327,            0.007327,            0.007327
                  83,            0.024798,            0.012866,                   0,             0.87134,             0.90296,             0.90368,             0.66699,            0.021445,           0.0051209,                   0,            0.007294,            0.007294,            0.007294
                  84,            0.024572,             0.01247,                   0,             0.86074,             0.89963,             0.89846,             0.66789,            0.021426,           0.0051832,                   0,            0.007261,            0.007261,            0.007261
                  85,            0.024813,            0.012767,                   0,             0.87942,             0.88275,             0.89826,             0.66599,            0.021452,           0.0051365,                   0,            0.007228,            0.007228,            0.007228
                  86,            0.024699,            0.012351,                   0,             0.87607,             0.88125,             0.89707,             0.66942,            0.021395,           0.0051424,                   0,            0.007195,            0.007195,            0.007195
                  87,            0.024013,            0.012293,                   0,              0.8839,             0.87736,             0.89999,             0.66949,            0.021398,           0.0051923,                   0,            0.007162,            0.007162,            0.007162
                  88,            0.024433,            0.012422,                   0,             0.87012,              0.8942,             0.89928,             0.66986,             0.02105,           0.0051666,                   0,            0.007129,            0.007129,            0.007129
                  89,            0.024301,            0.012309,                   0,             0.87216,             0.88612,             0.89877,             0.66912,            0.021185,           0.0051701,                   0,            0.007096,            0.007096,            0.007096
                  90,            0.024646,             0.01274,                   0,             0.88982,             0.86792,             0.89468,             0.66125,            0.021133,           0.0051998,                   0,            0.007063,            0.007063,            0.007063
                  91,            0.025213,            0.012557,                   0,             0.87712,             0.89945,             0.89301,             0.66273,            0.021437,            0.005162,                   0,             0.00703,             0.00703,             0.00703
                  92,            0.024747,            0.012499,                   0,               0.881,             0.89302,             0.89861,             0.66833,            0.021453,           0.0051184,                   0,            0.006997,            0.006997,            0.006997
                  93,            0.024119,            0.012295,                   0,              0.8771,             0.90633,              0.8988,             0.66978,            0.021159,           0.0050699,                   0,            0.006964,            0.006964,            0.006964
                  94,            0.024851,            0.012564,                   0,             0.87327,             0.90499,             0.90087,             0.66673,            0.021314,           0.0051399,                   0,            0.006931,            0.006931,            0.006931
                  95,             0.02487,            0.012569,                   0,              0.8779,             0.89637,             0.89481,             0.66583,            0.021048,           0.0050884,                   0,            0.006898,            0.006898,            0.006898
                  96,            0.024319,            0.012454,                   0,             0.88365,             0.89562,             0.89989,             0.66884,            0.021192,           0.0051145,                   0,            0.006865,            0.006865,            0.006865
                  97,            0.024219,            0.012745,                   0,             0.87932,             0.90431,             0.90248,             0.66957,            0.021201,           0.0051372,                   0,            0.006832,            0.006832,            0.006832
                  98,              0.0241,            0.012436,                   0,              0.8822,              0.8969,             0.90059,             0.66314,            0.020908,           0.0051437,                   0,            0.006799,            0.006799,            0.006799
                  99,            0.024047,            0.012539,                   0,             0.88187,             0.89041,             0.89815,             0.66497,            0.020662,           0.0050969,                   0,            0.006766,            0.006766,            0.006766
                 100,            0.024065,            0.012205,                   0,              0.8799,             0.89357,              0.9001,             0.66942,            0.020966,           0.0050803,                   0,            0.006733,            0.006733,            0.006733
                 101,            0.024063,             0.01232,                   0,             0.88039,              0.8942,             0.90244,             0.67244,            0.021058,           0.0050794,                   0,              0.0067,              0.0067,              0.0067
                 102,            0.024355,            0.012289,                   0,             0.88402,             0.88853,             0.90262,             0.67052,            0.020962,           0.0051343,                   0,            0.006667,            0.006667,            0.006667
                 103,            0.024037,            0.012526,                   0,             0.87571,             0.89255,             0.89827,             0.66901,            0.020959,           0.0051447,                   0,            0.006634,            0.006634,            0.006634
                 104,            0.023615,            0.012513,                   0,             0.87562,             0.89181,              0.8975,             0.66576,            0.021104,           0.0051669,                   0,            0.006601,            0.006601,            0.006601
                 105,            0.023995,             0.01235,                   0,             0.87507,             0.89218,             0.89615,             0.66805,            0.021095,           0.0051475,                   0,            0.006568,            0.006568,            0.006568
                 106,            0.023057,            0.011978,                   0,             0.87504,             0.89652,             0.89973,             0.66851,            0.021072,           0.0051478,                   0,            0.006535,            0.006535,            0.006535
                 107,            0.023409,            0.012141,                   0,             0.87268,             0.89757,             0.90199,             0.67108,            0.020874,           0.0051587,                   0,            0.006502,            0.006502,            0.006502
                 108,            0.023499,            0.012328,                   0,             0.86849,             0.90701,               0.903,             0.67155,            0.021039,           0.0051909,                   0,            0.006469,            0.006469,            0.006469
                 109,            0.023105,             0.01209,                   0,             0.88782,             0.88529,              0.9029,             0.67265,             0.02103,           0.0052055,                   0,            0.006436,            0.006436,            0.006436
                 110,            0.023494,            0.012082,                   0,             0.88934,             0.88208,              0.9048,             0.67537,            0.021095,           0.0051927,                   0,            0.006403,            0.006403,            0.006403
                 111,              0.0234,            0.012085,                   0,             0.87062,             0.90233,             0.90786,             0.67589,             0.02118,           0.0051916,                   0,             0.00637,             0.00637,             0.00637
                 112,            0.023392,            0.011783,                   0,               0.881,             0.89298,             0.90789,             0.67641,            0.021069,           0.0052081,                   0,            0.006337,            0.006337,            0.006337
                 113,            0.023577,            0.011889,                   0,             0.88139,             0.90136,             0.90841,             0.67858,            0.020935,           0.0051801,                   0,            0.006304,            0.006304,            0.006304
                 114,            0.023344,            0.011921,                   0,             0.87863,              0.8996,             0.90933,             0.67583,            0.020778,            0.005158,                   0,            0.006271,            0.006271,            0.006271
                 115,            0.023155,            0.012005,                   0,              0.8824,             0.89494,             0.90716,             0.67613,            0.020578,           0.0051488,                   0,            0.006238,            0.006238,            0.006238
                 116,            0.023133,            0.012193,                   0,             0.88037,             0.89892,              0.9078,             0.67667,            0.020657,           0.0051368,                   0,            0.006205,            0.006205,            0.006205
                 117,            0.023137,            0.011984,                   0,             0.88006,             0.89218,              0.9066,             0.67555,            0.020703,           0.0051631,                   0,            0.006172,            0.006172,            0.006172
                 118,            0.023819,            0.011832,                   0,             0.88068,             0.89031,             0.90592,             0.67518,            0.020788,           0.0051696,                   0,            0.006139,            0.006139,            0.006139
                 119,            0.022733,            0.011603,                   0,             0.87769,             0.89353,             0.90703,             0.67703,            0.020761,           0.0051971,                   0,            0.006106,            0.006106,            0.006106
                 120,            0.022976,            0.012033,                   0,             0.87321,             0.90035,             0.90774,             0.68001,              0.0207,           0.0051961,                   0,            0.006073,            0.006073,            0.006073
                 121,            0.023212,             0.01185,                   0,             0.87337,             0.90167,             0.90614,             0.67813,            0.020607,           0.0052059,                   0,             0.00604,             0.00604,             0.00604
                 122,            0.022899,            0.011714,                   0,             0.87189,             0.90345,             0.90365,              0.6789,            0.020579,           0.0052004,                   0,            0.006007,            0.006007,            0.006007
                 123,            0.022992,            0.011577,                   0,             0.87873,             0.89354,             0.90373,             0.68009,            0.020655,            0.005181,                   0,            0.005974,            0.005974,            0.005974
                 124,            0.023667,             0.01208,                   0,             0.87663,             0.89757,             0.90436,             0.67827,            0.020601,           0.0051763,                   0,            0.005941,            0.005941,            0.005941
                 125,             0.02339,            0.011797,                   0,             0.87181,             0.90229,             0.90377,             0.67817,            0.020609,           0.0051706,                   0,            0.005908,            0.005908,            0.005908
                 126,            0.022753,            0.011575,                   0,             0.87847,             0.89892,             0.90446,             0.68047,             0.02056,           0.0051801,                   0,            0.005875,            0.005875,            0.005875
                 127,            0.023334,            0.011741,                   0,             0.87221,             0.90027,             0.90377,             0.67936,            0.020664,           0.0051853,                   0,            0.005842,            0.005842,            0.005842
                 128,             0.02271,            0.011753,                   0,              0.8687,             0.90505,             0.90283,             0.67839,            0.020761,           0.0051898,                   0,            0.005809,            0.005809,            0.005809
                 129,            0.022541,             0.01185,                   0,             0.87504,             0.90162,             0.90354,             0.67954,            0.020793,           0.0051878,                   0,            0.005776,            0.005776,            0.005776
                 130,            0.022379,            0.011635,                   0,              0.8772,             0.90011,             0.90392,             0.67905,            0.020808,           0.0051842,                   0,            0.005743,            0.005743,            0.005743
                 131,            0.022824,            0.011754,                   0,             0.87546,             0.90027,             0.90398,             0.67962,            0.020849,           0.0051858,                   0,             0.00571,             0.00571,             0.00571
                 132,            0.022497,            0.011535,                   0,             0.87114,             0.90202,             0.90505,             0.67917,              0.0209,             0.00519,                   0,            0.005677,            0.005677,            0.005677
                 133,            0.022669,            0.011714,                   0,             0.87949,             0.89508,             0.90503,             0.67944,              0.0209,           0.0051976,                   0,            0.005644,            0.005644,            0.005644
                 134,            0.022965,            0.011619,                   0,             0.87858,             0.89713,             0.90561,             0.68094,            0.020926,           0.0051886,                   0,            0.005611,            0.005611,            0.005611
                 135,            0.022174,            0.011678,                   0,             0.88117,              0.8969,             0.90682,             0.68072,            0.020957,           0.0051907,                   0,            0.005578,            0.005578,            0.005578
                 136,            0.022178,            0.011514,                   0,             0.88455,             0.89555,              0.9078,             0.68082,            0.020986,           0.0051892,                   0,            0.005545,            0.005545,            0.005545
                 137,            0.022742,            0.011488,                   0,             0.88436,             0.89665,             0.90855,             0.68155,            0.020989,           0.0051939,                   0,            0.005512,            0.005512,            0.005512
                 138,            0.022337,            0.011546,                   0,              0.8855,             0.89555,             0.90696,             0.67949,            0.021022,           0.0052005,                   0,            0.005479,            0.005479,            0.005479
                 139,            0.021918,              0.0114,                   0,              0.8892,             0.89228,             0.90759,             0.67949,            0.021059,           0.0051948,                   0,            0.005446,            0.005446,            0.005446
                 140,            0.022307,            0.011736,                   0,             0.89055,             0.89353,             0.90681,             0.68027,            0.021025,           0.0051868,                   0,            0.005413,            0.005413,            0.005413
                 141,            0.022552,            0.011477,                   0,             0.88998,             0.89393,             0.90614,             0.67874,            0.021015,           0.0051883,                   0,             0.00538,             0.00538,             0.00538
                 142,            0.021656,            0.011334,                   0,             0.89051,             0.89332,             0.90455,             0.67725,            0.020978,           0.0051941,                   0,            0.005347,            0.005347,            0.005347
                 143,            0.022231,            0.011426,                   0,             0.88178,             0.89964,             0.90513,             0.67797,            0.020957,           0.0051977,                   0,            0.005314,            0.005314,            0.005314
                 144,            0.022173,            0.011457,                   0,              0.8804,             0.90364,             0.90524,             0.67729,            0.020965,           0.0051955,                   0,            0.005281,            0.005281,            0.005281
                 145,               0.022,            0.011442,                   0,             0.88843,             0.89614,             0.90548,             0.67877,            0.020937,           0.0052049,                   0,            0.005248,            0.005248,            0.005248
                 146,            0.022305,            0.011541,                   0,             0.88879,             0.89825,              0.9061,             0.67898,            0.020904,           0.0052109,                   0,            0.005215,            0.005215,            0.005215
                 147,            0.022031,            0.011219,                   0,             0.88651,             0.90006,             0.90678,             0.67908,            0.020895,           0.0052061,                   0,            0.005182,            0.005182,            0.005182
                 148,            0.021901,            0.011361,                   0,             0.88946,             0.90027,             0.90633,             0.67935,            0.020863,           0.0052008,                   0,            0.005149,            0.005149,            0.005149
                 149,            0.021893,            0.011446,                   0,             0.88634,             0.89861,             0.90661,             0.67983,            0.020845,           0.0052071,                   0,            0.005116,            0.005116,            0.005116
                 150,            0.021843,            0.011165,                   0,             0.88795,              0.8996,             0.90644,             0.68034,            0.020835,           0.0052113,                   0,            0.005083,            0.005083,            0.005083
                 151,            0.022016,            0.011554,                   0,             0.88801,             0.90094,             0.90594,             0.67939,            0.020786,           0.0052107,                   0,             0.00505,             0.00505,             0.00505
                 152,            0.021683,            0.011261,                   0,               0.891,             0.89786,             0.90495,             0.67994,            0.020736,           0.0052098,                   0,            0.005017,            0.005017,            0.005017
                 153,            0.021639,            0.011282,                   0,             0.89102,             0.89825,             0.90543,             0.67856,            0.020726,           0.0052116,                   0,            0.004984,            0.004984,            0.004984
                 154,            0.021767,            0.011095,                   0,             0.89011,             0.89892,             0.90442,             0.67926,            0.020698,           0.0052141,                   0,            0.004951,            0.004951,            0.004951
                 155,             0.02138,            0.010978,                   0,             0.89197,             0.89576,             0.90424,             0.67918,            0.020685,           0.0052146,                   0,            0.004918,            0.004918,            0.004918
                 156,            0.021251,             0.01116,                   0,             0.89323,             0.89633,             0.90405,             0.67949,            0.020682,           0.0052113,                   0,            0.004885,            0.004885,            0.004885
                 157,            0.022013,            0.011177,                   0,             0.89396,             0.89755,             0.90392,              0.6793,             0.02068,            0.005211,                   0,            0.004852,            0.004852,            0.004852
                 158,            0.021628,            0.011342,                   0,             0.89214,             0.89738,              0.9045,             0.67955,             0.02069,           0.0052142,                   0,            0.004819,            0.004819,            0.004819
                 159,            0.021745,            0.011237,                   0,             0.89122,              0.8969,             0.90387,             0.67932,             0.02067,           0.0052171,                   0,            0.004786,            0.004786,            0.004786
                 160,            0.021252,            0.011174,                   0,               0.888,             0.89892,             0.90367,             0.68092,            0.020638,            0.005221,                   0,            0.004753,            0.004753,            0.004753
                 161,            0.021215,            0.010867,                   0,             0.88583,             0.89925,              0.9035,              0.6813,            0.020624,           0.0052233,                   0,             0.00472,             0.00472,             0.00472
                 162,            0.021932,             0.01113,                   0,             0.88307,             0.90027,             0.90375,             0.68291,            0.020609,           0.0052294,                   0,            0.004687,            0.004687,            0.004687
                 163,            0.021377,             0.01104,                   0,             0.88182,             0.90027,              0.9038,             0.68318,            0.020592,           0.0052298,                   0,            0.004654,            0.004654,            0.004654
                 164,            0.020932,            0.011002,                   0,             0.88703,             0.89421,             0.90388,             0.68289,             0.02058,           0.0052369,                   0,            0.004621,            0.004621,            0.004621
                 165,            0.021432,            0.011093,                   0,             0.89124,             0.88949,             0.90377,             0.68302,            0.020562,           0.0052398,                   0,            0.004588,            0.004588,            0.004588
                 166,            0.021096,            0.010939,                   0,             0.89002,             0.88949,             0.90411,             0.68344,            0.020561,           0.0052428,                   0,            0.004555,            0.004555,            0.004555
                 167,            0.020994,            0.010912,                   0,             0.89151,             0.89153,              0.9046,              0.6838,            0.020565,           0.0052451,                   0,            0.004522,            0.004522,            0.004522
                 168,            0.020867,            0.010925,                   0,             0.89241,             0.89151,              0.9046,             0.68471,            0.020569,           0.0052475,                   0,            0.004489,            0.004489,            0.004489
                 169,            0.021368,            0.010911,                   0,             0.89257,             0.89019,             0.90444,             0.68412,             0.02057,           0.0052508,                   0,            0.004456,            0.004456,            0.004456
                 170,            0.020923,             0.01091,                   0,             0.89127,             0.88929,              0.9047,             0.68398,            0.020568,           0.0052577,                   0,            0.004423,            0.004423,            0.004423
                 171,             0.02086,            0.010818,                   0,             0.87391,             0.90607,             0.90488,             0.68377,            0.020579,            0.005262,                   0,             0.00439,             0.00439,             0.00439
                 172,            0.020794,            0.010799,                   0,             0.88863,             0.89286,             0.90467,              0.6832,            0.020577,           0.0052641,                   0,            0.004357,            0.004357,            0.004357
                 173,            0.021389,            0.010631,                   0,             0.87562,             0.90612,             0.90408,             0.68336,             0.02058,            0.005266,                   0,            0.004324,            0.004324,            0.004324
                 174,            0.020698,            0.010622,                   0,             0.87668,             0.90701,             0.90412,             0.68366,            0.020594,           0.0052676,                   0,            0.004291,            0.004291,            0.004291
                 175,            0.021043,            0.010725,                   0,              0.8778,             0.90566,              0.9039,             0.68361,            0.020603,           0.0052698,                   0,            0.004258,            0.004258,            0.004258
                 176,            0.021015,            0.010462,                   0,             0.87839,             0.90431,             0.90391,             0.68354,            0.020607,           0.0052712,                   0,            0.004225,            0.004225,            0.004225
                 177,            0.020944,               0.011,                   0,              0.8798,             0.90296,             0.90386,             0.68381,            0.020593,           0.0052709,                   0,            0.004192,            0.004192,            0.004192
                 178,            0.020351,            0.010753,                   0,             0.88145,             0.89825,             0.90402,             0.68417,            0.020601,           0.0052747,                   0,            0.004159,            0.004159,            0.004159
                 179,            0.020697,            0.010581,                   0,             0.88202,             0.89825,             0.90417,             0.68353,            0.020619,           0.0052776,                   0,            0.004126,            0.004126,            0.004126
                 180,            0.020253,            0.010749,                   0,             0.88282,             0.89825,             0.90445,              0.6841,            0.020627,           0.0052814,                   0,            0.004093,            0.004093,            0.004093
                 181,            0.020886,            0.010866,                   0,             0.88494,             0.89658,             0.90492,             0.68409,            0.020646,           0.0052842,                   0,             0.00406,             0.00406,             0.00406
                 182,            0.020583,            0.010699,                   0,             0.88568,             0.89791,             0.90489,             0.68327,            0.020659,           0.0052864,                   0,            0.004027,            0.004027,            0.004027
                 183,            0.020546,            0.010604,                   0,             0.88233,             0.90027,             0.90466,              0.6831,            0.020676,           0.0052897,                   0,            0.003994,            0.003994,            0.003994
                 184,            0.020088,            0.010367,                   0,             0.88296,              0.8996,             0.90482,             0.68402,            0.020695,           0.0052902,                   0,            0.003961,            0.003961,            0.003961
                 185,            0.019738,            0.010414,                   0,             0.88302,              0.8996,              0.9044,             0.68349,            0.020714,           0.0052921,                   0,            0.003928,            0.003928,            0.003928
                 186,            0.020386,            0.010425,                   0,              0.8841,             0.89956,             0.90472,               0.684,            0.020729,           0.0052942,                   0,            0.003895,            0.003895,            0.003895
                 187,            0.020586,            0.010508,                   0,             0.88409,              0.8996,             0.90421,             0.68381,            0.020739,           0.0052952,                   0,            0.003862,            0.003862,            0.003862
                 188,            0.019902,            0.010285,                   0,             0.88408,             0.89933,             0.90426,              0.6831,            0.020749,           0.0052977,                   0,            0.003829,            0.003829,            0.003829
                 189,            0.020488,            0.010683,                   0,             0.88366,             0.89892,             0.90385,             0.68273,            0.020762,           0.0053019,                   0,            0.003796,            0.003796,            0.003796
                 190,            0.020393,            0.010719,                   0,             0.88418,             0.89892,              0.9036,             0.68251,            0.020768,           0.0053036,                   0,            0.003763,            0.003763,            0.003763
                 191,            0.020699,            0.010429,                   0,             0.88296,              0.8996,             0.90342,             0.68199,             0.02078,           0.0053075,                   0,             0.00373,             0.00373,             0.00373
                 192,            0.020171,            0.010342,                   0,             0.88357,                 0.9,             0.90385,             0.68217,            0.020791,           0.0053105,                   0,            0.003697,            0.003697,            0.003697
                 193,            0.020308,            0.010685,                   0,             0.88273,             0.90364,              0.9035,             0.68122,            0.020798,           0.0053141,                   0,            0.003664,            0.003664,            0.003664
                 194,             0.02044,             0.01072,                   0,             0.88387,             0.90027,              0.9035,             0.68126,             0.02081,           0.0053166,                   0,            0.003631,            0.003631,            0.003631
                 195,            0.019868,            0.010463,                   0,              0.8829,              0.9044,             0.90371,             0.68138,            0.020826,           0.0053182,                   0,            0.003598,            0.003598,            0.003598
                 196,            0.020143,             0.01043,                   0,             0.88283,             0.90373,             0.90341,             0.68117,            0.020842,           0.0053215,                   0,            0.003565,            0.003565,            0.003565
                 197,             0.02011,            0.010379,                   0,             0.88278,             0.90327,             0.90381,             0.68104,             0.02086,           0.0053253,                   0,            0.003532,            0.003532,            0.003532
                 198,            0.019837,            0.010533,                   0,             0.88276,             0.90316,             0.90368,             0.68078,            0.020868,           0.0053263,                   0,            0.003499,            0.003499,            0.003499
                 199,            0.019997,            0.010383,                   0,              0.8832,             0.90296,             0.90321,             0.68113,            0.020874,           0.0053283,                   0,            0.003466,            0.003466,            0.003466
                 200,            0.020057,            0.010708,                   0,             0.88328,             0.90296,             0.90279,             0.68109,            0.020888,           0.0053304,                   0,            0.003433,            0.003433,            0.003433
                 201,            0.019922,            0.010322,                   0,             0.88331,             0.90287,             0.90307,             0.68134,            0.020898,           0.0053319,                   0,              0.0034,              0.0034,              0.0034
                 202,            0.019521,            0.010354,                   0,             0.88263,             0.90162,             0.90317,             0.68154,            0.020903,           0.0053329,                   0,            0.003367,            0.003367,            0.003367
                 203,            0.019527,            0.010432,                   0,             0.88217,             0.90431,             0.90307,             0.68188,            0.020919,           0.0053359,                   0,            0.003334,            0.003334,            0.003334
                 204,             0.01917,            0.009776,                   0,             0.88256,             0.90141,             0.90312,              0.6817,            0.020929,           0.0053372,                   0,            0.003301,            0.003301,            0.003301
                 205,            0.019569,             0.01017,                   0,              0.8825,             0.90087,             0.90296,             0.68164,            0.020935,           0.0053371,                   0,            0.003268,            0.003268,            0.003268
                 206,            0.019518,            0.010328,                   0,             0.88248,             0.90072,             0.90293,             0.68181,            0.020942,           0.0053405,                   0,            0.003235,            0.003235,            0.003235
                 207,            0.019108,            0.010119,                   0,             0.88249,              0.9008,             0.90294,             0.68131,            0.020942,           0.0053428,                   0,            0.003202,            0.003202,            0.003202
                 208,            0.019108,           0.0099787,                   0,             0.88248,             0.90073,             0.90282,             0.68157,            0.020941,           0.0053438,                   0,            0.003169,            0.003169,            0.003169
                 209,            0.019322,            0.010112,                   0,             0.88301,             0.90028,             0.90293,             0.68208,            0.020934,           0.0053471,                   0,            0.003136,            0.003136,            0.003136
                 210,            0.019404,            0.010365,                   0,             0.88299,             0.90009,             0.90278,             0.68226,            0.020936,           0.0053486,                   0,            0.003103,            0.003103,            0.003103
                 211,            0.019061,            0.010084,                   0,             0.88303,             0.90039,              0.9028,             0.68207,            0.020939,           0.0053501,                   0,             0.00307,             0.00307,             0.00307
                 212,            0.019234,             0.01016,                   0,             0.88292,             0.89942,              0.9026,             0.68184,            0.020941,           0.0053512,                   0,            0.003037,            0.003037,            0.003037
                 213,            0.019052,            0.010258,                   0,             0.88292,             0.89942,             0.90236,              0.6815,            0.020938,           0.0053527,                   0,            0.003004,            0.003004,            0.003004
                 214,            0.019708,            0.010117,                   0,             0.88289,             0.89921,              0.9023,             0.68139,            0.020935,           0.0053541,                   0,            0.002971,            0.002971,            0.002971
                 215,            0.019178,             0.01007,                   0,             0.88516,             0.89858,             0.90216,             0.68163,            0.020937,           0.0053565,                   0,            0.002938,            0.002938,            0.002938
                 216,            0.019443,            0.010199,                   0,             0.88505,             0.89754,             0.90203,             0.68128,            0.020937,           0.0053569,                   0,            0.002905,            0.002905,            0.002905
                 217,            0.019373,            0.010091,                   0,             0.88515,             0.89892,             0.90203,              0.6816,            0.020946,           0.0053591,                   0,            0.002872,            0.002872,            0.002872
                 218,            0.018936,           0.0098644,                   0,             0.88513,             0.89892,             0.90193,             0.68128,            0.020942,           0.0053619,                   0,            0.002839,            0.002839,            0.002839
                 219,            0.019025,            0.010081,                   0,              0.8846,             0.89881,             0.90203,             0.68117,            0.020945,           0.0053636,                   0,            0.002806,            0.002806,            0.002806
                 220,            0.018634,            0.009809,                   0,             0.88461,              0.8989,             0.90181,             0.68132,            0.020947,           0.0053663,                   0,            0.002773,            0.002773,            0.002773
                 221,            0.018867,           0.0099384,                   0,              0.8846,             0.89877,             0.90174,             0.68105,            0.020951,           0.0053673,                   0,             0.00274,             0.00274,             0.00274
                 222,             0.01863,            0.009767,                   0,              0.8846,              0.8988,             0.90142,              0.6809,            0.020949,           0.0053679,                   0,            0.002707,            0.002707,            0.002707
                 223,            0.019047,           0.0099125,                   0,             0.88457,             0.89851,             0.90159,             0.68072,            0.020946,           0.0053685,                   0,            0.002674,            0.002674,            0.002674
                 224,            0.018494,           0.0099298,                   0,             0.88517,             0.89862,             0.90159,             0.68101,            0.020942,           0.0053691,                   0,            0.002641,            0.002641,            0.002641
                 225,            0.018412,           0.0099894,                   0,             0.88519,             0.89881,             0.90164,             0.68088,            0.020943,           0.0053699,                   0,            0.002608,            0.002608,            0.002608
                 226,            0.018868,            0.009917,                   0,             0.88517,              0.8986,             0.90134,             0.68127,            0.020948,           0.0053706,                   0,            0.002575,            0.002575,            0.002575
                 227,            0.018704,           0.0097089,                   0,             0.88517,             0.89861,             0.90146,             0.68099,             0.02095,           0.0053718,                   0,            0.002542,            0.002542,            0.002542
                 228,            0.018975,           0.0098764,                   0,             0.88515,              0.8985,             0.90142,             0.68113,             0.02095,           0.0053725,                   0,            0.002509,            0.002509,            0.002509
                 229,            0.018632,            0.009565,                   0,             0.88514,             0.89838,             0.90154,             0.68164,            0.020947,           0.0053732,                   0,            0.002476,            0.002476,            0.002476
                 230,            0.017943,           0.0096324,                   0,             0.88511,             0.89812,             0.90123,             0.68171,            0.020942,           0.0053744,                   0,            0.002443,            0.002443,            0.002443
                 231,            0.018231,           0.0099149,                   0,             0.88451,             0.89757,             0.90149,              0.6814,            0.020931,           0.0053747,                   0,             0.00241,             0.00241,             0.00241
                 232,            0.017869,           0.0096849,                   0,             0.88503,             0.89757,              0.9009,             0.68154,            0.020927,           0.0053768,                   0,            0.002377,            0.002377,            0.002377
                 233,            0.018223,           0.0094286,                   0,             0.88437,             0.89757,             0.90128,             0.68196,             0.02092,            0.005378,                   0,            0.002344,            0.002344,            0.002344
                 234,             0.01828,           0.0098274,                   0,             0.88442,             0.89723,             0.90099,             0.68244,            0.020913,           0.0053807,                   0,            0.002311,            0.002311,            0.002311
                 235,            0.017882,           0.0095819,                   0,             0.88498,              0.8969,             0.90128,             0.68204,            0.020915,           0.0053816,                   0,            0.002278,            0.002278,            0.002278
                 236,            0.017738,            0.009571,                   0,             0.88528,             0.89757,             0.90139,              0.6829,            0.020914,           0.0053833,                   0,            0.002245,            0.002245,            0.002245
                 237,            0.018185,           0.0096415,                   0,              0.8854,             0.89892,             0.90136,             0.68265,            0.020913,           0.0053852,                   0,            0.002212,            0.002212,            0.002212
                 238,            0.017971,            0.009531,                   0,             0.88417,             0.89892,             0.90157,             0.68283,            0.020917,           0.0053877,                   0,            0.002179,            0.002179,            0.002179
                 239,            0.017731,           0.0096949,                   0,             0.88412,             0.89969,             0.90153,             0.68297,            0.020914,           0.0053889,                   0,            0.002146,            0.002146,            0.002146
                 240,            0.017742,           0.0092208,                   0,             0.88391,              0.8996,             0.90186,             0.68324,            0.020915,            0.005391,                   0,            0.002113,            0.002113,            0.002113
                 241,            0.017917,           0.0097337,                   0,             0.88414,             0.89987,             0.90183,             0.68218,            0.020909,           0.0053923,                   0,             0.00208,             0.00208,             0.00208
                 242,            0.017329,           0.0092685,                   0,             0.88364,              0.8996,             0.90154,             0.68212,            0.020908,           0.0053935,                   0,            0.002047,            0.002047,            0.002047
                 243,            0.017771,           0.0093838,                   0,             0.88349,             0.90027,             0.90163,             0.68235,              0.0209,           0.0053958,                   0,            0.002014,            0.002014,            0.002014
                 244,            0.017556,           0.0093823,                   0,             0.88415,             0.89995,             0.90157,             0.68215,            0.020896,           0.0053983,                   0,            0.001981,            0.001981,            0.001981
                 245,            0.017657,           0.0095133,                   0,             0.88359,             0.90027,             0.90184,             0.68165,            0.020895,           0.0053997,                   0,            0.001948,            0.001948,            0.001948
                 246,            0.017704,           0.0093795,                   0,             0.88394,             0.90027,             0.90166,             0.68165,            0.020893,           0.0054011,                   0,            0.001915,            0.001915,            0.001915
                 247,             0.01778,           0.0095519,                   0,             0.88422,             0.90058,              0.9017,             0.68174,            0.020893,           0.0054033,                   0,            0.001882,            0.001882,            0.001882
                 248,            0.017418,           0.0092272,                   0,             0.88421,             0.90052,             0.90173,             0.68187,            0.020891,           0.0054054,                   0,            0.001849,            0.001849,            0.001849
                 249,            0.017175,           0.0091644,                   0,             0.88425,             0.90027,             0.90172,             0.68144,            0.020892,           0.0054074,                   0,            0.001816,            0.001816,            0.001816
                 250,            0.017447,           0.0093033,                   0,             0.88469,              0.8996,             0.90169,             0.68162,            0.020891,           0.0054081,                   0,            0.001783,            0.001783,            0.001783
                 251,            0.017302,           0.0091863,                   0,             0.88378,             0.89825,             0.90165,             0.68202,            0.020888,           0.0054109,                   0,             0.00175,             0.00175,             0.00175
                 252,            0.017421,           0.0093575,                   0,             0.88355,             0.89825,             0.90163,             0.68149,            0.020887,           0.0054128,                   0,            0.001717,            0.001717,            0.001717
                 253,            0.017717,           0.0091653,                   0,             0.88355,             0.89757,             0.90168,             0.68178,            0.020885,           0.0054143,                   0,            0.001684,            0.001684,            0.001684
                 254,             0.01753,           0.0093187,                   0,              0.8833,             0.89769,             0.90193,             0.68166,            0.020888,           0.0054158,                   0,            0.001651,            0.001651,            0.001651
                 255,            0.016968,           0.0091673,                   0,             0.88335,              0.8981,             0.90194,             0.68115,            0.020887,           0.0054169,                   0,            0.001618,            0.001618,            0.001618
                 256,            0.017489,           0.0092587,                   0,             0.88329,              0.8976,              0.9019,             0.68108,            0.020888,           0.0054172,                   0,            0.001585,            0.001585,            0.001585
                 257,            0.017398,           0.0091751,                   0,              0.8834,              0.8969,             0.90207,             0.68118,            0.020891,           0.0054184,                   0,            0.001552,            0.001552,            0.001552
                 258,            0.016932,            0.009109,                   0,             0.88385,             0.89825,              0.9022,             0.68124,            0.020895,           0.0054183,                   0,            0.001519,            0.001519,            0.001519
                 259,            0.017061,           0.0094035,                   0,             0.88284,              0.8988,              0.9022,             0.68113,            0.020892,           0.0054191,                   0,            0.001486,            0.001486,            0.001486
                 260,             0.01697,           0.0090934,                   0,             0.88323,              0.8996,             0.90226,              0.6812,            0.020899,           0.0054212,                   0,            0.001453,            0.001453,            0.001453
                 261,             0.01694,           0.0091645,                   0,             0.88334,              0.8996,             0.90248,             0.68099,            0.020894,            0.005422,                   0,             0.00142,             0.00142,             0.00142
                 262,            0.016717,           0.0090397,                   0,              0.8824,             0.89997,             0.90241,             0.68073,            0.020893,           0.0054236,                   0,            0.001387,            0.001387,            0.001387
                 263,            0.016748,           0.0091028,                   0,             0.88245,             0.90045,             0.90239,             0.68078,            0.020897,           0.0054253,                   0,            0.001354,            0.001354,            0.001354
                 264,            0.016741,           0.0089019,                   0,             0.88243,             0.90029,             0.90232,             0.68059,            0.020896,           0.0054255,                   0,            0.001321,            0.001321,            0.001321
                 265,            0.016728,           0.0091569,                   0,              0.8824,                 0.9,             0.90238,             0.68114,            0.020895,           0.0054258,                   0,            0.001288,            0.001288,            0.001288
                 266,            0.016512,           0.0090969,                   0,             0.88239,             0.89992,             0.90261,              0.6806,            0.020894,           0.0054273,                   0,            0.001255,            0.001255,            0.001255
                 267,            0.016673,           0.0089918,                   0,             0.88242,             0.90016,             0.90268,             0.68083,            0.020894,           0.0054286,                   0,            0.001222,            0.001222,            0.001222
                 268,            0.015984,           0.0087562,                   0,             0.88246,              0.9005,             0.90278,             0.68126,            0.020896,           0.0054293,                   0,            0.001189,            0.001189,            0.001189
